file,classifications.SupportedRear.time,classifications.SupportedRear.count,classifications.None.time,classifications.None.count,classifications.UnsupportedRear.time,classifications.UnsupportedRear.count,bodycentre.raw.distance,bodycentre.distance.moving,bodycentre.raw.speed,bodycentre.speed.moving,bodycentre.time.moving,bodycentre.total.time,bodycentre.time.stationary,bodycentre.percentage.moving,bodycentre.light.raw.distance,bodycentre.light.distance.moving,bodycentre.light.raw.speed,bodycentre.light.speed.moving,bodycentre.light.time.moving,bodycentre.light.total.time,bodycentre.light.time.stationary,bodycentre.light.percentage.moving,bodycentre.light.transitions,bodycentre.dark.raw.distance,bodycentre.dark.distance.moving,bodycentre.dark.raw.speed,bodycentre.dark.speed.moving,bodycentre.dark.time.moving,bodycentre.dark.total.time,bodycentre.dark.time.stationary,bodycentre.dark.percentage.moving,bodycentre.dark.transitions,bodycentre..transitions.light.to.dark,bodycentre.latency.to.entry.dark
74_02_A_250703150234DLC_resnet50_OFFICAL LDB DLC NETWORKDec9shuffle1_1030000.csv,189.44,118.5,394.4,124.5,8.72,13,4457.217147,3426.647431,7.511826121,11.52976928,297.2,593.36,296.16,50.08763651,1188.645552,996.5521726,8.820462688,12.61458446,79,134.76,55.76,58.62273672,47,3223.692661,2408.723171,7.174603091,11.17633246,215.52,449.32,233.8,47.96581501,39,16,7
73_01_A_250703150216DLC_resnet50_OFFICAL LDB DLC NETWORKDec9shuffle1_1030000.csv,194.64,117,395.92,119,2,8,6117.037352,5447.307437,10.30915018,14.84927335,366.84,593.36,226.52,61.82418768,2917.459752,2677.068366,12.08958956,16.13858431,165.88,241.32,75.44,68.73860434,98,3183.792537,2765.94183,9.165685562,13.79935058,200.44,347.36,146.92,57.70382312,97,44,0.04
72_04_A_250703143918DLC_resnet50_OFFICAL LDB DLC NETWORKDec9shuffle1_1030000.csv,212.72,120,360.32,137,19.84,35,5079.239072,4340.520494,8.555516561,12.63248106,343.6,593.68,250.08,57.876297,2230.823674,1904.499142,8.846857845,13.24408305,143.8,252.16,108.36,57.02728426,68,2831.143413,2433.023019,8.43104054,12.21397098,199.2,335.8,136.6,59.32102442,54,25,0.04
71_03_A_250703143858DLC_resnet50_OFFICAL LDB DLC NETWORKDec9shuffle1_1030000.csv,183.96,124,406.52,126,2.48,10,4947.154009,4119.045313,8.33190853,12.57800572,327.48,593.76,266.28,55.15359741,1919.251349,1688.627051,9.864573136,13.91878545,121.32,194.56,73.24,62.35608553,57,2990.567298,2414.393497,7.668121278,11.84222826,203.88,390,186.12,52.27692308,65,24,4.28
70_02_A_250703143835DLC_resnet50_OFFICAL LDB DLC NETWORKDec9shuffle1_1030000.csv,221.08,107.5,354.88,124.5,16.84,24,4661.999327,3755.886533,7.853772451,11.96599507,313.88,593.6,279.72,52.87735849,1323.327842,1140.644395,9.54781993,13.76260129,82.88,138.6,55.72,59.7979798,51,3306.765842,2599.603941,7.397686448,11.35991933,228.84,447,218.16,51.19463087,47,19,0.04
69_01_A_250703143809DLC_resnet50_OFFICAL LDB DLC NETWORKDec9shuffle1_1030000.csv,198.52,126.5,382.64,139.5,11.48,18,4651.707937,3800.62382,7.838548021,12.18461086,311.92,593.44,281.52,52.56133729,2112.431863,1729.591296,8.033282109,12.66914222,136.52,262.96,126.44,51.91664131,64,2505.572354,2058.082817,7.851505246,11.8662524,173.44,319.12,145.68,54.34946102,53,22,0.04
68_04_A_250703141429DLC_resnet50_OFFICAL LDB DLC NETWORKDec9shuffle1_1030000.csv,161,91,418,106,13.44,21,4650.757002,3830.180154,7.839587691,12.25736096,312.48,593.24,280.76,52.67345425,1544.693001,1357.175485,9.625454893,14.47499451,93.76,160.48,66.72,58.42472582,45,3097.424139,2473.004669,7.212705241,11.30671484,218.72,429.44,210.72,50.9314456,39,20,6.28
67_03_A_250703141359DLC_resnet50_OFFICAL LDB DLC NETWORKDec9shuffle1_1030000.csv,119.56,74.5,465.12,85.5,8.04,12,3770.133579,2802.039614,6.352159286,11.61322784,241.28,593.52,352.24,40.65237903,2419.306818,1764.074023,5.987197629,11.9355482,147.8,404.08,256.28,36.57691546,28,1291.102841,1018.195215,7.369308456,11.16442122,91.2,175.2,84,52.05479452,5,1,0.04
66_02_A_250703141340DLC_resnet50_OFFICAL LDB DLC NETWORKDec9shuffle1_1030000.csv,195.48,122.5,386.36,133.5,10.44,19,5151.63615,4309.482746,8.686241569,12.73638357,338.36,593.08,254.72,57.05132528,1704.205019,1531.691493,10.5016331,13.91940652,110.04,162.28,52.24,67.80872566,50,3405.818339,2754.648998,8.050057528,12.1930285,225.92,423.08,197.16,53.39888437,58,22,1.92
65_01_A_250703141322DLC_resnet50_OFFICAL LDB DLC NETWORKDec9shuffle1_1030000.csv,250.08,144,331.36,157,11.64,20,5964.918202,5245.617847,10.04397892,14.63294423,358.48,593.88,235.4,60.36236277,2907.768313,2518.154615,9.582679649,15.1113455,166.64,303.44,136.8,54.91695228,93,3022.599004,2711.160114,10.71387709,14.29936769,189.6,282.12,92.52,67.20544449,89,38,0.04
64_04_A_250703135409DLC_resnet50_OFFICAL LDB DLC NETWORKDec9shuffle1_1030000.csv,215.2,123,372.76,129,4.96,10,5490.768851,4770.387404,9.248077968,13.95176475,341.92,593.72,251.8,57.5894361,2151.654542,1885.042932,9.823112411,15.53265435,121.36,219.04,97.68,55.40540541,74,3326.53353,2877.926618,8.946142238,13.11247776,219.48,371.84,152.36,59.02538726,76,35,0.04
63_03_A_250703135348DLC_resnet50_OFFICAL LDB DLC NETWORKDec9shuffle1_1030000.csv,196.96,118,382.36,132,12.96,18,5444.866138,4674.598171,9.180660515,13.10586007,356.68,593.08,236.4,60.14028462,2077.34026,1812.983694,9.61375537,13.52165643,134.08,216.08,82,62.05109219,87,3306.888958,2827.90139,9.101863256,12.95063835,218.36,363.32,144.96,60.10128812,89,35,0.04
62_02_A_250703135329DLC_resnet50_OFFICAL LDB DLC NETWORKDec9shuffle1_1030000.csv,162.32,86,413.88,104,16.6,21,4020.781919,3012.677773,6.773554445,11.40647347,264.12,593.6,329.48,44.49460916,1106.86705,939.0059635,9.016512299,13.53034529,69.4,122.76,53.36,56.53307266,46,2901.141343,2068.00845,6.205915425,10.66423499,193.92,467.48,273.56,41.48198853,44,19,9.28
61_01_A_250703135304DLC_resnet50_OFFICAL LDB DLC NETWORKDec9shuffle1_1030000.csv,192.28,120.5,380.76,133.5,19.4,24,5453.937671,4725.536936,9.193475947,13.04388025,362.28,593.24,230.96,61.06803317,2278.806678,2017.043942,10.30015674,14.48609554,139.24,221.24,82,62.93617791,80,3139.128935,2695.709486,8.651551469,12.20440731,220.88,362.84,141.96,60.87531694,75,31,0.04
60_04_A_250703133143DLC_resnet50_OFFICAL LDB DLC NETWORKDec9shuffle1_1030000.csv,204.72,122,377.4,126,10.76,22,5189.22503,4423.735604,8.74077791,13.35991666,331.12,593.68,262.56,55.77415443,1915.000924,1596.24066,8.245784207,13.81787275,115.52,232.24,116.72,49.74164657,71,3251.016748,2820.473482,9.179514196,13.14048398,214.64,354.16,139.52,60.6053761,65,29,0.04
59_03_A_250703133125DLC_resnet50_OFFICAL LDB DLC NETWORKDec9shuffle1_1030000.csv,160.6,105,419.84,117,11.96,23,4239.32213,3293.012328,7.1465309,11.62458461,283.28,593.2,309.92,47.75455158,1339.443527,1139.524445,8.823738649,12.72927217,89.52,151.8,62.28,58.97233202,40,2852.110459,2134.876164,6.62911505,11.16800672,191.16,430.24,239.08,44.43101525,44,14,0.04
58_02_A_250703133055DLC_resnet50_OFFICAL LDB DLC NETWORKDec9shuffle1_1030000.csv,215.4,108,369.08,118.5,8.4,15.5,4862.382079,4068.907653,8.190240667,11.6055552,350.6,593.68,243.08,59.05538337,2006.467159,1696.240892,8.503420746,12.52392862,135.44,235.96,100.52,57.39955925,55,2815.960105,2352.225592,8.071428874,11.08076876,212.28,348.88,136.6,60.84613621,55,20,0.04
57_01_A_250703133028DLC_resnet50_OFFICAL LDB DLC NETWORKDec9shuffle1_1030000.csv,220.52,125.5,349.12,147.5,23.56,27,5292.265411,4535.087358,8.909537729,13.00047976,348.84,594,245.16,58.72727273,2485.875327,2058.783241,8.246667089,13.24487417,155.44,301.44,146,51.56581741,101,2773.055778,2462.61074,9.765656355,12.87706934,191.24,283.96,92.72,67.34751373,89,40,0.04
56_04_A_250703130310DLC_resnet50_OFFICAL LDB DLC NETWORKDec9shuffle1_1030000.csv,207.88,113,382.16,115,2.92,5,4737.950712,3873.009496,7.97957207,11.98480473,323.16,593.76,270.6,54.42603072,1875.16213,1559.34331,8.384734978,13.27326618,117.48,223.64,106.16,52.53085316,44,2833.786852,2304.25296,7.806575351,11.26443567,204.56,363,158.44,56.35261708,46,18,1.88
55_03_A_250703130246DLC_resnet50_OFFICAL LDB DLC NETWORKDec9shuffle1_1030000.csv,219.84,137.5,358.64,143,13.56,14.5,5275.831265,4465.035879,8.899249823,13.15877602,339.32,592.84,253.52,57.23635382,1828.329306,1630.729518,10.63971896,14.78717372,110.28,171.84,61.56,64.17597765,71,3410.141729,2822.288613,8.305264806,12.41330319,227.36,410.6,183.24,55.37262543,76,30,2.84
54_02_A_250703130224DLC_resnet50_OFFICAL LDB DLC NETWORKDec9shuffle1_1030000.csv,230.2,114,358.8,122,3.2,12,5212.433963,4406.570679,8.78993923,12.41007851,355.08,593,237.92,59.87858347,1794.451373,1579.48588,10.0315931,13.94812681,113.24,178.88,65.64,63.30500894,66,3372.473646,2800.752251,8.327917932,11.74615103,238.44,404.96,166.52,58.87988937,58,25,0.04
53_01_A_250703130152DLC_resnet50_OFFICAL LDB DLC NETWORKDec9shuffle1_1030000.csv,171.52,110,411.6,116,9.08,16,4306.346979,3430.581543,7.261967924,11.75500803,291.84,593,301.16,49.21416526,1648.943919,1398.54931,8.687797257,13.66304524,102.36,189.8,87.44,53.93045311,45,2627.783323,2019.740496,6.678993806,10.75245153,187.84,393.44,205.6,47.74298495,43,17,8.4
52_04_A_250703123956DLC_resnet50_OFFICAL LDB DLC NETWORKDec9shuffle1_1030000.csv,171.52,93.5,418.2,100.5,3.24,9,4806.546894,3931.886361,8.095100535,12.57640213,312.64,593.76,281.12,52.65427109,2196.17122,1832.920261,8.612436155,13.79380088,132.88,255,122.12,52.10980392,48,2597.405016,2096.762438,7.773868718,11.69024553,179.36,334.12,154.76,53.6813121,32,16,0.04
51_03_A_250703123927DLC_resnet50_OFFICAL LDB DLC NETWORKDec9shuffle1_1030000.csv,235.88,149.5,348.84,160.5,8.08,16,6948.239716,6320.730858,11.70525559,15.89721041,397.6,593.6,196,66.98113208,3261.924184,2959.888645,11.97475839,16.70366053,177.2,272.4,95.2,65.05139501,137,3588.144377,3316.423399,12.12702574,15.45685775,214.56,295.88,81.32,72.51588482,149,56,0.04
50_02_A_250703123852DLC_resnet50_OFFICAL LDB DLC NETWORKDec9shuffle1_1030000.csv,163.48,95,418.2,109,10.88,18,4207.417168,3259.924535,7.090833841,11.84910052,275.12,593.36,318.24,46.36645544,1557.495352,1267.105479,8.013456224,12.81976405,98.84,194.36,95.52,50.8540852,47,2623.72647,1979.449169,6.680908714,11.34744995,174.44,392.72,218.28,44.41841516,49,19,0.04
49_01_A_250703123832DLC_resnet50_OFFICAL LDB DLC NETWORKDec9shuffle1_1030000.csv,217.24,163.5,372.72,168.5,2.56,6,6830.062226,6262.567042,11.51159952,14.90519574,420.16,593.32,173.16,70.8150745,2453.163516,2303.530176,13.28907647,16.88310009,136.44,184.6,48.16,73.91115926,90,4322.04025,3934.744429,10.93412328,14.03661683,280.32,395.28,114.96,70.91681846,104,37,0.04
48_04_A_250703121449DLC_resnet50_OFFICAL LDB DLC NETWORKDec9shuffle1_1030000.csv,212.92,127,366.76,133,12.8,21,5450.259752,4711.966012,9.18665681,13.87831648,339.52,593.28,253.76,57.22761597,2172.873365,1869.981001,9.059678807,15.23282015,122.76,239.84,117.08,51.18412275,74,3268.312159,2839.548064,9.314615136,13.13632524,216.16,350.88,134.72,61.60510716,68,33,0.8
47_03_A_250703121422DLC_resnet50_OFFICAL LDB DLC NETWORKDec9shuffle1_1030000.csv,194.8,106,382.88,120,14.6,21,4811.27694,3935.294136,8.112357423,11.73733636,335.28,593.08,257.8,56.53200243,1936.389302,1619.858194,8.469162448,12.4834941,129.76,228.64,98.88,56.75297411,64,2820.190457,2287.273944,8.018282886,11.36590113,201.24,351.72,150.48,57.21596725,62,22,0.04
46_02_A_250703121343DLC_resnet50_OFFICAL LDB DLC NETWORKDec9shuffle1_1030000.csv,173.88,97.5,392.2,118.5,26.48,30,5073.967348,4241.658407,8.551246036,13.31175749,318.64,593.36,274.72,53.70095726,2514.534318,1997.877688,7.556600307,13.17861272,151.6,332.76,181.16,45.55836038,67,2535.253316,2234.586553,9.931264948,13.47110292,165.88,255.28,89.4,64.97963021,65,29,0.04
45_01_A_250703121315DLC_resnet50_OFFICAL LDB DLC NETWORKDec9shuffle1_1030000.csv,217.72,128,364.48,136,10.28,14,5872.922056,5188.830932,9.899073045,13.61897882,381,593.28,212.28,64.21925566,2457.807557,2140.643962,9.737747847,14.35517678,149.12,252.4,103.28,59.08082409,90,3390.508665,3039.616511,10.1902761,13.18591233,230.52,332.72,102.2,69.28348161,77,36,0.16
44_04_A_250703115259DLC_resnet50_OFFICAL LDB DLC NETWORKDec9shuffle1_1030000.csv,223.56,115,358.44,121,10.28,14,4990.314173,4144.950038,8.414234459,13.24773088,312.88,593.08,280.2,52.75510892,1808.246331,1566.096788,9.547235115,15.22847908,102.84,189.4,86.56,54.29778247,49,3162.10535,2570.198643,7.949782155,12.3306402,208.44,397.76,189.32,52.40345937,51,22,8.4
43_03_A_250703115222DLC_resnet50_OFFICAL LDB DLC NETWORKDec9shuffle1_1030000.csv,257.76,170.5,324.8,169.5,10.64,21,6105.366375,5380.294982,10.27839457,14.50683505,370.88,594,223.12,62.43771044,2748.858401,2408.201556,10.48222392,15.46097558,155.76,262.24,106.48,59.39597315,99,3298.358646,2944.252008,10.372197,13.93530863,211.28,318,106.72,66.44025157,95,38,0.04
42_02_A_250703115202DLC_resnet50_OFFICAL LDB DLC NETWORKDec9shuffle1_1030000.csv,173.4,108,400.04,125.5,19.04,28.5,4939.739495,4064.355873,8.326152062,12.87003126,315.8,593.28,277.48,53.22950378,1624.937655,1415.94212,9.373198285,14.10863013,100.36,173.36,73,57.89109368,46,3296.103887,2637.106517,7.911915236,12.33214795,213.84,416.6,202.76,51.32981277,50,21,6.88
41_01_A_250703115140DLC_resnet50_OFFICAL LDB DLC NETWORKDec9shuffle1_1030000.csv,218.92,123,362.56,129,10.92,12,5563.782568,4817.610286,9.379269333,13.41354908,359.16,593.2,234.04,60.54619016,2511.88793,2268.896247,11.17586728,15.47256033,146.64,224.76,78.12,65.24292579,62,3001.814353,2525.484981,8.406559744,12.10218986,208.68,357.08,148.4,58.44068556,70,22,4.12
40_04_A_250703112927DLC_resnet50_OFFICAL LDB DLC NETWORKDec9shuffle1_1030000.csv,275.24,131.5,310.72,133.5,6,10,5816.397258,5149.793713,9.81239837,14.22280632,362.08,592.76,230.68,61.08374384,2609.191823,2299.668735,9.8743257,15.16131814,151.68,264.24,112.56,57.40236149,92,3181.795502,2841.938087,10.02835194,13.60820766,208.84,317.28,108.44,65.82198689,82,37,0.04
39_03_A_250703112836DLC_resnet50_OFFICAL LDB DLC NETWORKDec9shuffle1_1030000.csv,191.68,128.5,395,135.5,6.04,13,4829.245768,3987.066973,8.136618426,13.47164135,295.96,593.52,297.56,49.86521094,1354.893533,1172.103222,10.04517744,15.11221277,77.56,134.88,57.32,57.5029656,41,3404.44915,2780.243737,7.718439171,13.04788688,213.08,441.08,228,48.30869684,71,17,0.04
38_02_A_250703112804DLC_resnet50_OFFICAL LDB DLC NETWORKDec9shuffle1_1030000.csv,199.64,93.5,378.92,103.5,13.92,12,5453.088852,4637.991073,9.191425385,13.85301993,334.8,593.28,258.48,56.43203883,2287.534613,1968.462503,9.556879231,14.62453568,134.6,239.36,104.76,56.23328877,49,3143.946764,2659.050616,9.006378951,13.38897591,198.6,349.08,150.48,56.89240289,53,22,9.92
37_01_A_250703112746DLC_resnet50_OFFICAL LDB DLC NETWORKDec9shuffle1_1030000.csv,193,126,386.88,137,12.4,19,6077.185361,5449.315895,10.24682229,14.319203,380.56,593.08,212.52,64.16672287,2044.248537,1890.012408,12.23807793,16.2988307,115.96,167.04,51.08,69.42049808,72,3980.662066,3532.173508,9.596581645,13.54361008,260.8,414.8,154,62.87367406,92,30,0.04
36_04_A_250703110422DLC_resnet50_OFFICAL LDB DLC NETWORKDec9shuffle1_1030000.csv,207.44,101,382.88,106,2.4,7,4877.978458,4059.492281,8.21872634,12.48152835,325.24,593.52,268.28,54.79849036,1806.024326,1556.175348,9.282608582,14.10090022,110.36,194.56,84.2,56.72286184,43,3042.317179,2492.445436,7.805616735,11.69722844,213.08,389.76,176.68,54.66954023,53,18,8.56
35_03_A_250703110357DLC_resnet50_OFFICAL LDB DLC NETWORKDec9shuffle1_1030000.csv,154.96,89.5,434.08,95.5,3.28,7,4986.734264,4114.456919,8.407631279,12.7572148,322.52,593.12,270.6,54.3768546,1470.829001,1325.646369,10.78636698,14.27882775,92.84,136.36,43.52,68.08448225,41,3460.383232,2763.631205,7.799980237,12.22629271,226.04,443.64,217.6,50.95122171,55,17,6.56
34_02_A_250703110338DLC_resnet50_OFFICAL LDB DLC NETWORKDec9shuffle1_1030000.csv,237.28,130.5,342.8,140.5,12.64,16,5672.040147,4971.379029,9.556611651,13.04686917,381.04,593.52,212.48,64.20002696,2475.576481,2174.62605,9.844029269,13.80539646,157.52,251.48,93.96,62.63718785,82,3147.217078,2767.73314,9.476144399,12.60581681,219.56,332.12,112.56,66.10863543,88,35,9.88
33_01_A_250703110309DLC_resnet50_OFFICAL LDB DLC NETWORKDec9shuffle1_1030000.csv,222,151,367.56,153,2.92,11,6700.240735,6128.252888,11.29355572,14.60359567,419.64,593.28,173.64,70.73220065,2954.518465,2759.451759,12.84349881,16.09572888,171.44,230.04,58.6,74.52616936,111,3704.280123,3339.483663,10.44754096,13.70438141,243.68,354.56,110.88,68.72743682,111,47,0.04
32_04_A_250701130534DLC_resnet50_OFFICAL LDB DLC NETWORKDec9shuffle1_1030000.csv,154.36,87,426.48,96,11.96,19,3289.940106,2313.432702,5.54235193,11.0205445,209.92,593.6,383.68,35.3638814,1303.552855,909.0471747,5.559334931,11.67240851,77.88,234.48,156.6,33.21392016,34,1978.571689,1401.590363,5.540355311,10.64391223,131.68,357.12,225.44,36.87275986,32,15,22.76
31_03_A_250701130459DLC_resnet50_OFFICAL LDB DLC NETWORKDec9shuffle1_1030000.csv,190.68,131,399.24,134,2.4,7,5278.018209,4471.996583,8.898735853,13.42135829,333.2,593.12,259.92,56.17750202,2054.999294,1770.291726,9.528001176,14.40667095,122.88,215.68,92.8,56.97329377,84,3122.316898,2644.034847,8.819107723,13.04021921,202.76,354.04,151.28,57.27036493,112,32,1.08
30_02_A_250701130413DLC_resnet50_OFFICAL LDB DLC NETWORKDec9shuffle1_1030000.csv,186.68,118,375,146,30.8,38,5301.114852,4513.647293,8.935266404,13.36980833,337.6,593.28,255.68,56.90399137,2821.263436,2368.506159,8.775859886,14.14540229,167.44,321.48,154.04,52.08411099,91,2437.061179,2132.089335,9.392096419,12.65785642,168.44,259.48,91.04,64.91444427,91,38,0.04
29_01_A_250701130336DLC_resnet50_OFFICAL LDB DLC NETWORKDec9shuffle1_1030000.csv,217.88,133,370.8,140,3.44,9,6553.192361,5949.15715,11.05240566,14.59987521,407.48,592.92,185.44,68.72427984,3476.316515,3225.076043,12.17368159,15.53205569,207.64,285.56,77.92,72.71326516,135,2974.002951,2670.710382,10.48661125,13.85510677,192.76,283.6,90.84,67.96897038,123,50,17.84
28_04_A_250701123909DLC_resnet50_OFFICAL LDB DLC NETWORKDec9shuffle1_1030000.csv,213.12,103,376.52,112,3.28,10,4986.706312,4177.536993,8.399087638,13.38267873,312.16,593.72,281.56,52.57697231,1637.1003,1457.459683,10.31179327,15.34814325,94.96,158.76,63.8,59.81355505,64,3280.878075,2692.531101,7.870833113,12.62439563,213.28,416.84,203.56,51.16591498,84,24,0.04
27_03_A_250701123815DLC_resnet50_OFFICAL LDB DLC NETWORKDec9shuffle1_1030000.csv,168.92,94.5,411,104.5,12.72,16,4577.348476,3718.313499,7.713245612,12.26518505,303.16,593.44,290.28,51.08519817,1963.237516,1608.635546,7.566045615,12.60291089,127.64,259.48,131.84,49.19068907,70,2582.932204,2103.453053,7.99570395,12.03073126,174.84,323.04,148.2,54.12332838,74,32,0.04
26_02_A_250701123740DLC_resnet50_OFFICAL LDB DLC NETWORKDec9shuffle1_1030000.csv,188,83,399.76,91,4.6,9,4126.548002,3153.998995,6.956888533,12.07688388,261.16,593.16,332,44.02859262,1139.67694,946.8808908,8.540744456,13.67534504,69.24,133.44,64.2,51.88848921,37,2958.941348,2198.202872,6.533610112,11.50891556,191,452.88,261.88,42.17452747,45,16,3.8
25_01_A_250701123658DLC_resnet50_OFFICAL LDB DLC NETWORKDec9shuffle1_1030000.csv,219.92,126.5,367.72,131.5,4.68,8,5600.475563,4881.097271,9.442398778,13.76042307,354.72,593.12,238.4,59.80577286,2014.152301,1800.792051,10.93696949,15.24028479,118.16,184.16,66,64.16159861,56,3535.29659,3061.798265,8.939255057,13.10028352,233.72,395.48,161.76,59.0978052,82,25,0.04
24_04_A_250701132235DLC_resnet50_OFFICAL LDB DLC NETWORKDec9shuffle1_1030000.csv,196.12,109.5,360.04,126.5,36.32,35,4515.523988,3657.705987,7.611117833,12.36212649,295.88,593.28,297.4,49.8718986,2420.126107,1911.019931,7.092152465,12.70624954,150.4,341.24,190.84,44.07455164,76,2040.912025,1728.32254,8.658204755,12.10988327,142.72,235.72,93,60.546411,52,22,0.04
23_03_A_250701121255DLC_resnet50_OFFICAL LDB DLC NETWORKDec9shuffle1_1030000.csv,166.68,112,409.64,127,16,21,5264.052806,4484.734419,8.875190191,13.09946962,342.36,593.12,250.76,57.72187753,2621.423209,2129.147537,7.973668357,12.70071306,167.64,328.76,161.12,50.99160482,81,2598.199582,2338.009324,10.27281188,13.58675804,172.08,252.92,80.84,68.03732406,81,33,0.04
22_02_A_250701121142DLC_resnet50_OFFICAL LDB DLC NETWORKDec9shuffle1_1030000.csv,200.52,107,380.76,114,11.36,10,5640.452602,4947.391493,9.504672085,12.56065678,393.88,593.44,199.56,66.37233756,3192.051536,2788.815315,9.442821961,12.72037637,219.24,338.04,118.8,64.85623003,102,2403.404538,2133.705261,9.800214229,12.46032037,171.24,245.24,74,69.82547708,96,42,2.4
21_01_A_250701121119DLC_resnet50_OFFICAL LDB DLC NETWORKDec9shuffle1_1030000.csv,191.92,130,389.04,144,11.6,18,5712.012138,4998.817225,9.626554095,13.26931733,376.72,593.36,216.64,63.48928138,2432.811546,2137.860299,10.19448352,14.65090665,145.92,238.64,92.72,61.14649682,87,3244.743083,2846.489534,9.378954455,12.4802242,228.08,345.96,117.88,65.92669673,99,37,16.4
20_04_A_250701114709DLC_resnet50_OFFICAL LDB DLC NETWORKDec9shuffle1_1030000.csv,155.28,108,435.16,113,2.04,7,4056.627204,3101.877211,6.837626759,11.75487802,263.88,593.28,329.4,44.47815534,1667.057797,1262.26263,6.707942207,12.76560103,98.88,248.52,149.64,39.78754225,46,2384.314921,1838.253405,6.942449688,11.16257836,164.68,343.44,178.76,47.95015141,44,22,0.04
19_03_A_250701114648DLC_resnet50_OFFICAL LDB DLC NETWORKDec9shuffle1_1030000.csv,168.52,108.5,407.84,118.5,16.64,23,5186.172406,4390.08325,8.733870673,12.21639373,359.36,593.8,234.44,60.51869316,1336.101652,1146.733028,9.296560343,13.1205152,87.4,143.72,56.32,60.81269134,34,3801.430058,3217.340017,8.651411148,11.98532267,268.44,439.4,170.96,61.09239873,52,15,0.04
18_02_A_250701114624DLC_resnet50_OFFICAL LDB DLC NETWORKDec9shuffle1_1030000.csv,127.96,98,438.12,116,26.4,32,4775.869162,3889.981047,8.04994128,12.65775429,307.32,593.28,285.96,51.80016181,2423.82857,1925.34832,7.809732472,12.83565547,150,310.36,160.36,48.33097049,63,2325.373214,1946.19225,8.371879372,12.53021021,155.32,277.76,122.44,55.9187788,69,27,0.04
17_01_A_250701114537DLC_resnet50_OFFICAL LDB DLC NETWORKDec9shuffle1_1030000.csv,124.04,84.5,465.52,91.5,3.48,9,3885.965876,2846.994891,6.543792732,11.32276046,251.44,593.84,342.4,42.34137141,1642.905183,1323.391781,7.61027044,12.85345553,102.96,215.88,112.92,47.69316287,29,2227.408159,1516.304593,5.955636788,10.28700538,147.4,374,226.6,39.41176471,23,10,136.88
16_04_A_250701112121DLC_resnet50_OFFICAL LDB DLC NETWORKDec9shuffle1_1030000.csv,199.64,96,382.16,103,11,14,5006.455917,4236.129945,8.434056464,12.44017956,340.52,593.6,253.08,57.36522911,1913.354758,1632.116426,8.731995063,13.64189591,119.64,219.12,99.48,54.60021906,68,3075.569436,2598.066689,8.309654804,11.81368993,219.92,370.12,150.2,59.41856695,62,29,0.84
15_03_A_250701112057DLC_resnet50_OFFICAL LDB DLC NETWORKDec9shuffle1_1030000.csv,178.8,112,400.96,116,12.52,18,4669.100505,3793.31109,7.872631863,12.31114855,308.12,593.08,284.96,51.95251905,1819.756009,1430.659668,7.351955434,12.05883065,118.64,247.52,128.88,47.93148028,48,2795.587526,2331.541457,8.369020254,12.58388092,185.28,334.04,148.76,55.46641121,62,20,0.04
14_02_A_250701112033DLC_resnet50_OFFICAL LDB DLC NETWORKDec9shuffle1_1030000.csv,231.6,135.5,339.24,150.5,22.12,27,5622.224878,4846.2187,9.468850846,13.76766676,352,593.76,241.76,59.28321207,2717.098968,2309.480831,9.267049686,14.19646441,162.68,293.2,130.52,55.48431105,122,2862.026324,2515.22762,9.828387103,13.51401042,186.12,291.2,105.08,63.91483516,100,48,5.12
13_01_A_250701111943DLC_resnet50_OFFICAL LDB DLC NETWORKDec9shuffle1_1030000.csv,219.44,144,355.72,159.5,17.88,30.5,5001.730465,4163.301945,8.422690396,12.62065583,329.88,593.84,263.96,55.55031658,1692.094847,1441.001096,9.536152203,14.52036574,99.24,177.44,78.2,55.92876465,70,3266.262866,2707.546145,8.054504996,11.88145579,227.88,405.52,177.64,56.19451568,84,29,0.04
12_04_A_250701105714DLC_resnet50_OFFICAL LDB DLC NETWORKDec9shuffle1_1030000.csv,246.68,139,340.36,146,6.16,13,5271.292002,4492.029268,8.87422896,12.99476183,345.68,594,248.32,58.1952862,1556.332965,1357.911242,9.46214108,14.66426827,92.6,164.48,71.88,56.29863813,69,3683.529168,3122.584002,8.747813167,12.42671125,251.28,421.08,169.8,59.67512112,63,25,0.08
11_03_A_250701105651DLC_resnet50_OFFICAL LDB DLC NETWORKDec9shuffle1_1030000.csv,181.76,106.5,402.68,112.5,8,15,4610.442089,3719.026333,7.771630518,11.63650292,319.6,593.24,273.64,53.87364304,1840.029568,1546.508256,8.414256301,12.59371544,122.8,218.68,95.88,56.15511249,61,2736.389248,2152.154913,7.462608401,11.08900924,194.08,366.68,172.6,52.9289844,75,28,11.52
10_02_A_250701105628DLC_resnet50_OFFICAL LDB DLC NETWORKDec9shuffle1_1030000.csv,218.64,125.5,364.32,133.5,9.92,13,4674.483523,3787.764389,7.873742628,12.24228956,309.4,593.68,284.28,52.11561784,1397.832774,1166.377057,8.96736447,13.09359067,89.08,155.88,66.8,57.14652297,51,3226.906957,2600.690417,7.583443685,11.96269741,217.4,425.52,208.12,51.09043053,73,21,0.04
09_01_A_250701105557DLC_resnet50_OFFICAL LDB DLC NETWORKDec9shuffle1_1030000.csv,143.44,91.5,432.4,114.5,16.52,28,4879.919939,4068.837227,8.226987557,12.4398839,327.08,593.16,266.08,55.14195158,2127.37465,1754.394539,8.010900171,12.92276472,135.76,265.56,129.8,51.12215695,51,2730.729429,2307.360553,8.521811975,12.15167766,189.88,320.44,130.56,59.25602297,59,24,3.44
08_04_A_250701103520DLC_resnet50_OFFICAL LDB DLC NETWORKDec9shuffle1_1030000.csv,216.88,107.5,364.32,113.5,10.92,13,5382.43838,4666.2945,9.077849255,12.81385792,364.16,592.92,228.76,61.41806652,2197.215256,1896.723749,9.37378522,13.81646088,137.28,234.4,97.12,58.5665529,71,3168.291899,2764.411228,8.944923487,12.22109296,226.2,354.2,128,63.86222473,65,30,0.04
07_03_A_250701103453DLC_resnet50_OFFICAL LDB DLC NETWORKDec9shuffle1_1030000.csv,212.64,103.5,374.04,109.5,6.04,11,4606.521577,3725.350115,7.761358634,12.45936493,299,593.52,294.52,50.37740935,1574.874807,1337.907147,8.935966904,13.53609012,98.84,176.24,77.4,56.08261462,63,2976.17828,2367.440236,7.38432483,11.99797403,197.32,403.04,205.72,48.95791981,63,22,15.56
06_02_A_250701103433DLC_resnet50_OFFICAL LDB DLC NETWORKDec9shuffle1_1030000.csv,235,129,356.2,132,1.76,3,6153.014149,5486.578081,10.36279667,14.01782852,391.4,593.76,202.36,65.91888979,2182.540405,2010.385246,11.76191208,15.3090561,131.32,185.56,54.24,70.76956241,91,3862.051893,3408.193113,9.995993098,13.56980854,251.16,386.36,135.2,65.00672948,125,39,0.04
05_01_A_250701103414DLC_resnet50_OFFICAL LDB DLC NETWORKDec9shuffle1_1030000.csv,206.72,124,383.04,128,2.28,5,4883.239112,4023.203176,8.237027043,12.9197276,311.4,592.84,281.44,52.52682005,1718.705031,1468.37751,9.236376994,13.76431862,106.68,186.08,79.4,57.33018057,79,3121.37062,2541.477525,7.883045308,12.54678873,202.56,395.96,193.4,51.15668249,87,34,0.04
04_04_A_250701101048DLC_resnet50_OFFICAL LDB DLC NETWORKDec9shuffle1_1030000.csv,169.84,92,411.28,106,11.24,19,3786.72224,2866.733946,6.383981118,11.06505306,259.08,593.16,334.08,43.67792838,1627.237748,1337.115367,7.469875819,12.08091224,110.68,217.84,107.16,50.80793243,55,2141.950585,1526.504666,5.78467804,10.32538329,147.84,370.28,222.44,39.92654208,45,21,0.04
03_03_A_250701101017DLC_resnet50_OFFICAL LDB DLC NETWORKDec9shuffle1_1030000.csv,194.44,106,392.16,110,5.8,8,4564.285335,3659.507722,7.694344799,12.22770557,299.28,593.2,293.92,50.45178692,2267.251698,1844.190655,8.134513842,12.53869088,147.08,278.72,131.64,52.76980482,94,2220.174075,1792.217728,7.587744619,12.02185221,149.08,292.6,143.52,50.95010253,66,27,5.8
02_02_A_250701100948DLC_resnet50_OFFICAL LDB DLC NETWORKDec9shuffle1_1030000.csv,243.2,146.5,339.8,148.5,9.28,12,5973.906437,5285.953956,10.07268233,13.59556059,388.8,593.08,204.28,65.55608012,2382.025846,2172.100682,11.61510555,14.97587343,145.04,205.08,60.04,70.72362005,99,3560.604964,3097.551671,9.323884372,12.83799598,241.28,381.88,140.6,63.18215146,99,45,2
01_01_A_250701100859DLC_resnet50_OFFICAL LDB DLC NETWORKDec9shuffle1_1030000.csv,208.24,122,374.96,131,9.24,15,4509.813052,3635.031527,7.602004335,11.75624685,309.2,593.24,284.04,52.12055829,1628.059628,1356.037766,8.284447528,12.84126672,105.6,196.52,90.92,53.73498881,68,2841.658215,2263.643532,7.335204479,11.23284801,201.52,387.4,185.88,52.01858544,72,29,3.76
